Sample,Concentration
Standard1,20
Standard2,6.66666667
Standard3,2.22222222
Standard4,0.74074074
Standard5,0.24691358
Standard6,0.08230453
Standard7,0.02743484
Standard8,0.00914495
Standard9,20
Standard10,6.66666667
Standard11,2.22222222
Standard12,0.74074074
Standard13,0.24691358
Standard14,0.08230453
Standard15,0.02743484
Standard16,0.00914495